Rk,Gcar,Gtm,Date,Team,,Opp,Result,Inngs,PA,AB,R,H,2B,3B,HR,RBI,SB,CS,BB,SO,BA,OBP,SLG,OPS,TB,GIDP,HBP,SH,SF,IBB,aLI,WPA,acLI,cWPA,RE24,BOP,Pos
1,343,1,2017-04-03,HOU,,SEA,W 3-0,CG,4,3,1,1,0,0,1,1,0,0,0,1,.333,.333,1.333,1.667,4,0,0,0,0,0,0.59,0.121,0.63,0.08%,1.05,1,CF RF
2,344,2,2017-04-04,HOU,,SEA,W 2-1,CG,4,3,0,1,0,0,0,0,0,2,1,1,.333,.429,.833,1.262,1,0,0,0,0,0,0.76,-0.006,0.84,0.00%,-0.11,1,CF RF
3,345,3,2017-04-05,HOU,,SEA,W 5-3 (13),CG(13),7,7,1,2,1,0,1,5,0,0,0,1,.308,.357,.846,1.203,6,1,0,0,0,0,3.11,0.781,3.63,0.55%,3.07,1,CF RF
4,346,4,2017-04-06,HOU,,SEA,L 2-4,CG,4,3,1,1,0,0,1,1,0,0,1,0,.313,.389,.938,1.326,4,0,0,0,0,0,1.50,-0.013,1.83,-0.01%,0.40,1,RF
5,347,5,2017-04-07,HOU,,KCR,L 1-5,CG,4,3,0,0,0,0,0,0,0,0,1,2,.263,.364,.789,1.153,0,0,0,0,0,0,0.90,-0.034,0.92,-0.02%,-0.25,1,CF
6,348,6,2017-04-08,HOU,,KCR,L 3-7,CG,4,3,0,0,0,0,0,0,0,0,0,0,.227,.346,.682,1.028,0,0,1,0,0,0,1.09,-0.102,1.14,-0.06%,-1.24,1,RF
7,349,7,2017-04-09,HOU,,KCR,W 5-4 (12),CG(12),6,6,2,2,0,0,1,1,0,0,0,2,.250,.344,.714,1.058,5,0,0,0,0,0,1.42,0.035,1.35,0.02%,0.60,1,CF RF
8,350,8,2017-04-10,HOU,@,SEA,L 0-6,CG,4,4,0,0,0,0,0,0,0,0,0,1,.219,.306,.625,.931,0,0,0,0,0,0,0.79,-0.080,0.87,-0.05%,-1.15,1,CF
9,351,9,2017-04-11,HOU,@,SEA,W 7-5,CG,5,5,1,2,0,0,1,1,0,0,0,1,.243,.317,.676,.993,5,0,0,0,0,0,1.12,0.017,1.16,0.01%,0.16,1,CF RF
10,352,10,2017-04-12,HOU,@,SEA,W 10-5,CG,6,6,1,1,0,0,0,0,0,0,0,0,.233,.298,.605,.903,1,1,0,0,0,0,0.86,-0.074,0.95,-0.05%,-0.67,1,CF RF
11,353,11,2017-04-14,HOU,@,OAK,W 7-2,CG,5,5,0,1,0,0,0,0,0,0,0,2,.229,.288,.563,.851,1,0,0,0,0,0,0.98,-0.081,1.20,-0.06%,-0.87,1,CF RF
12,354,12,2017-04-15,HOU,@,OAK,W 10-6,CG,5,4,3,1,0,0,1,2,0,0,1,0,.231,.298,.596,.894,4,0,0,0,0,0,1.25,0.127,1.62,0.10%,1.51,1,RF
13,355,13,2017-04-17,HOU,,LAA,W 3-0,CG,4,4,1,1,0,0,0,0,0,0,0,2,.232,.295,.571,.867,1,0,0,0,0,0,0.58,-0.006,0.77,-0.01%,-0.11,1,CF RF
14,356,14,2017-04-18,HOU,,LAA,L 2-5,CG,4,4,1,2,0,0,1,1,0,0,0,0,.250,.308,.617,.924,5,0,0,0,0,0,0.95,0.121,1.27,0.10%,0.92,1,CF RF
15,357,15,2017-04-19,HOU,,LAA,W 5-1,CG,4,4,0,0,0,0,0,0,0,0,0,2,.234,.290,.578,.868,0,1,0,0,0,0,0.99,-0.137,1.30,-0.11%,-1.66,1,CF RF
16,358,16,2017-04-20,HOU,,LAA,W 2-1,CG,4,4,0,0,0,0,0,0,0,0,0,2,.221,.274,.544,.818,0,0,0,0,0,0,0.54,-0.054,0.74,-0.05%,-0.73,1,RF
17,359,17,2017-04-21,HOU,@,TBR,W 6-3,CG,5,4,0,1,1,0,0,1,0,0,1,1,.222,.282,.542,.824,2,0,0,0,0,0,1.34,-0.010,1.67,-0.01%,-0.04,1,CF RF
18,360,18,2017-04-22,HOU,@,TBR,L 3-6,GS-5,3,2,0,0,0,0,0,0,0,0,1,1,.216,.284,.527,.811,0,1,0,0,0,0,0.87,-0.085,1.05,-0.06%,-1.25,1,RF
19,361,20,2017-04-25,HOU,@,CLE,W 4-2,8-GF,1,1,0,0,0,0,0,0,0,0,0,0,.213,.280,.520,.800,0,0,0,0,0,0,0.33,-0.022,0.41,-0.02%,-1.24,2,RF
20,362,23,2017-04-28,HOU,,OAK,W 9-4,CG,5,4,2,2,0,0,0,1,0,0,1,1,.228,.299,.519,.818,2,0,0,0,0,0,0.96,0.173,1.33,0.14%,1.61,1,CF
21,363,24,2017-04-29,HOU,,OAK,L 1-2,CG,4,4,0,0,0,0,0,0,0,0,0,2,.217,.286,.494,.780,0,0,0,0,0,0,1.39,-0.137,1.93,-0.11%,-1.06,1,CF
22,364,25,2017-04-30,HOU,,OAK,W 7-2,CG,4,4,2,2,0,0,0,0,0,0,0,1,.230,.295,.494,.789,2,0,0,0,0,0,0.59,0.034,0.83,0.03%,0.30,1,CF
23,365,26,2017-05-01,HOU,,TEX,W 6-2,CG,5,5,0,2,0,0,0,1,0,0,0,0,.239,.300,.489,.789,2,0,0,0,0,0,1.58,0.077,2.22,0.07%,0.09,1,CF RF
24,366,27,2017-05-02,HOU,,TEX,W 8-7,CG,5,4,0,1,0,0,0,1,0,0,1,0,.240,.305,.479,.784,1,0,0,0,0,0,0.85,-0.039,1.17,-0.03%,0.37,1,CF RF
25,367,28,2017-05-03,HOU,,TEX,W 10-1,GS-8,4,4,1,2,1,0,0,2,0,0,0,0,.250,.312,.490,.802,3,0,0,0,0,0,0.55,0.040,0.76,0.03%,2.08,1,CF
26,368,30,2017-05-05,HOU,@,LAA,W 7-6 (10),CG(10),5,4,1,1,1,0,0,0,0,0,1,1,.250,.316,.490,.806,2,0,0,0,0,0,1.15,-0.042,1.75,-0.04%,0.37,1,CF
27,369,31,2017-05-06,HOU,@,LAA,L 1-2,CG,4,3,0,1,0,0,0,0,0,0,1,1,.252,.322,.486,.808,1,0,0,0,0,0,1.23,0.060,1.86,0.05%,0.59,1,CF
28,370,32,2017-05-07,HOU,@,LAA,W 5-3,CG,4,3,1,1,0,0,0,0,0,0,1,1,.255,.328,.482,.810,1,0,0,0,0,0,0.82,-0.023,1.25,-0.02%,-0.30,1,CF
29,371,33,2017-05-09,HOU,,ATL,W 8-3,CG,4,3,1,1,0,0,0,0,0,0,1,0,.257,.333,.478,.811,1,0,0,0,0,0,0.31,0.030,0.39,0.02%,0.20,1,CF
30,372,34,2017-05-10,HOU,,ATL,W 4-2,CG,4,4,0,1,1,0,0,1,0,0,0,1,.256,.331,.479,.809,2,1,0,0,0,0,1.17,-0.022,1.47,-0.02%,-0.11,1,RF
31,373,35,2017-05-11,HOU,@,NYY,W 3-2,CG,5,4,0,1,0,0,0,1,0,0,1,2,.256,.333,.471,.804,1,0,0,0,0,0,0.76,0.038,0.95,0.03%,0.21,1,CF
32,374,36,2017-05-12,HOU,@,NYY,W 5-1,CG,5,5,1,1,1,0,0,0,0,0,0,1,.254,.329,.468,.797,2,0,0,0,0,0,0.54,-0.022,0.66,-0.02%,-0.47,1,CF
33,375,37,2017-05-14 (1),HOU,@,NYY,L 6-11,CG,5,4,1,1,0,0,0,0,0,0,0,1,.254,.331,.462,.793,1,0,1,0,0,0,0.82,-0.008,1.00,-0.01%,-0.01,1,CF
34,376,38,2017-05-14 (2),HOU,@,NYY,W 10-7,CG,5,4,3,2,0,0,2,2,0,0,1,1,.261,.340,.507,.847,8,0,0,0,0,0,0.28,0.116,0.34,0.09%,1.88,1,CF
35,377,39,2017-05-15,HOU,@,MIA,W 7-2,CG,5,5,1,0,0,0,0,0,0,0,0,2,.252,.329,.489,.818,0,0,0,0,0,0,0.65,-0.091,0.77,-0.06%,-1.41,1,CF RF
36,378,41,2017-05-17,HOU,@,MIA,W 3-0,CG,5,5,1,2,1,0,0,2,0,0,0,1,.257,.331,.493,.824,3,0,0,0,0,0,1.15,0.197,1.25,0.13%,1.68,1,RF
37,379,42,2017-05-19,HOU,,CLE,L 3-5,CG,4,4,0,0,0,0,0,0,0,0,0,3,.250,.323,.480,.803,0,0,0,0,0,0,0.96,-0.100,1.07,-0.07%,-0.82,1,CF
38,380,43,2017-05-20,HOU,,CLE,L 0-3,CG,4,4,0,1,0,0,0,0,0,0,0,2,.250,.321,.474,.795,1,0,0,0,0,0,0.97,-0.028,1.11,-0.02%,-0.25,1,CF
39,381,44,2017-05-21,HOU,,CLE,L 6-8,CG,4,3,0,0,0,0,0,0,0,0,1,2,.245,.320,.465,.784,0,0,0,0,0,0,0.46,0.011,0.54,0.01%,-0.11,1,CF
40,382,45,2017-05-22,HOU,,DET,W 1-0,CG,4,3,1,0,0,0,0,0,0,0,1,2,.241,.318,.456,.774,0,0,0,0,0,0,1.09,-0.045,1.39,-0.04%,-0.61,1,CF RF
41,383,46,2017-05-23,HOU,,DET,W 6-2,CG,5,4,0,0,0,0,0,0,0,0,1,0,.235,.315,.444,.759,0,0,0,0,0,0,0.69,0.086,0.84,0.06%,0.84,1,RF
42,384,47,2017-05-24,HOU,,DET,L 3-6,CG,4,3,1,1,0,0,0,0,0,0,0,0,.236,.315,.442,.758,1,0,0,0,0,0,1.05,0.017,1.18,0.01%,0.34,1,RF
43,385,48,2017-05-25,HOU,,DET,W 7-6,CG,5,4,0,0,0,0,0,0,0,0,1,1,.231,.312,.432,.744,0,0,0,0,0,0,0.82,-0.077,0.96,-0.05%,-0.74,1,CF RF
44,386,49,2017-05-26,HOU,,BAL,W 2-0,CG,4,4,0,2,0,0,0,0,0,0,0,0,.237,.316,.434,.750,2,0,0,0,0,0,0.60,-0.004,0.68,0.00%,0.13,1,RF
45,387,50,2017-05-27,HOU,,BAL,W 5-2,CG,5,5,2,2,0,0,1,2,0,0,0,1,.242,.318,.449,.768,5,0,0,0,0,0,0.56,0.175,0.61,0.11%,1.28,1,RF
46,388,51,2017-05-28,HOU,,BAL,W 8-4,CG,4,3,1,1,0,0,1,2,0,0,0,1,.243,.322,.464,.786,4,0,1,0,0,0,0.69,0.212,0.71,0.13%,1.53,1,CF
47,389,52,2017-05-29,HOU,@,MIN,W 16-8,CG,6,6,1,2,0,0,0,1,0,0,0,3,.246,.322,.460,.782,2,0,0,0,0,0,0.82,0.044,0.77,0.02%,0.84,1,CF RF
48,390,53,2017-05-30,HOU,@,MIN,W 7-2,CG,5,5,2,2,0,0,0,0,0,0,0,2,.250,.324,.458,.782,2,0,0,0,0,0,0.88,-0.049,0.76,-0.03%,-0.56,1,CF
49,391,54,2017-05-31,HOU,@,MIN,W 17-6,CG,6,4,4,4,0,0,2,2,0,0,2,0,.265,.342,.500,.842,10,0,0,0,0,0,0.52,0.263,0.43,0.13%,2.99,1,DH
50,392,55,2017-06-02,HOU,@,TEX,W 7-1,CG,5,5,1,2,0,0,1,3,0,0,0,2,.269,.344,.512,.856,5,0,0,0,0,0,0.77,0.022,0.65,0.01%,2.36,1,CF
51,393,56,2017-06-03,HOU,@,TEX,W 6-5,CG,5,5,1,2,1,0,0,0,0,0,0,0,.272,.345,.515,.860,3,0,0,0,0,0,0.90,-0.039,0.64,-0.02%,-0.63,1,CF RF
52,394,57,2017-06-04,HOU,@,TEX,W 7-2,CG,5,5,2,3,0,0,2,3,0,0,0,1,.280,.350,.545,.895,9,0,0,0,0,0,0.46,0.191,0.31,0.08%,2.55,1,RF
53,395,58,2017-06-05,HOU,@,KCR,W 7-3,CG,5,5,0,1,0,0,0,1,0,1,0,1,.278,.347,.537,.884,1,0,0,0,0,0,0.56,0.027,0.27,0.01%,-0.02,1,CF RF
54,396,59,2017-06-06,HOU,@,KCR,L 7-9,CG,5,5,2,2,1,0,0,0,0,0,0,0,.281,.348,.538,.887,3,0,0,0,0,0,0.56,0.054,0.25,0.02%,0.16,1,CF RF
55,397,60,2017-06-07,HOU,@,KCR,L 5-7,CG,5,3,0,1,1,0,0,0,0,0,1,2,.281,.353,.540,.894,2,0,1,0,0,0,0.87,0.019,0.48,0.01%,0.45,1,RF
56,398,61,2017-06-08,HOU,@,KCR,W 6-1,CG,5,5,0,0,0,0,0,0,0,0,0,3,.275,.346,.528,.875,0,0,0,0,0,0,1.07,-0.134,0.60,-0.05%,-1.49,1,CF RF
57,399,63,2017-06-10,HOU,,LAA,W 3-1,CG,4,4,0,2,0,0,0,0,0,0,0,0,.279,.349,.528,.877,2,0,0,0,0,0,0.64,0.019,0.47,0.01%,0.20,1,CF RF
58,400,64,2017-06-11,HOU,,LAA,L 6-12,CG,5,4,2,1,0,0,1,2,0,0,1,2,.278,.350,.536,.886,4,0,0,0,0,0,0.98,0.120,0.62,0.05%,1.10,1,CF
59,401,65,2017-06-12,HOU,,TEX,L 1-6,CG,4,4,0,0,0,0,0,0,0,0,0,0,.274,.345,.527,.872,0,0,0,0,0,0,0.98,-0.103,0.68,-0.04%,-1.08,1,CF
60,402,66,2017-06-13,HOU,,TEX,L 2-4,CG,4,3,1,1,0,0,1,1,0,0,1,0,.275,.347,.537,.884,4,0,0,0,0,0,1.28,0.067,1.00,0.03%,0.14,1,CF
61,403,67,2017-06-14,HOU,,TEX,W 13-2,GS-8,5,5,1,2,1,0,0,2,0,0,0,2,.277,.348,.538,.886,3,0,0,0,0,0,0.65,-0.077,0.61,-0.04%,1.16,1,RF
62,404,68,2017-06-16,HOU,,BOS,L 1-2,CG,4,2,0,0,0,0,0,0,0,0,2,2,.275,.350,.534,.884,0,0,0,0,0,0,1.32,-0.014,0.92,-0.01%,0.04,1,CF RF
63,405,69,2017-06-17,HOU,,BOS,W 7-1,CG,4,4,1,2,2,0,0,0,0,0,0,1,.278,.352,.541,.893,4,0,0,0,0,0,0.30,0.069,0.22,0.03%,0.58,1,CF
64,406,70,2017-06-18,HOU,,BOS,L 5-6,CG,5,4,2,2,0,0,1,1,0,0,1,0,.282,.356,.552,.909,5,0,0,0,0,0,1.12,0.194,0.75,0.08%,1.20,1,RF
65,407,71,2017-06-19,HOU,@,OAK,W 4-1,CG,5,5,1,2,0,0,1,1,0,0,0,1,.284,.357,.561,.918,5,0,0,0,0,0,0.61,0.121,0.46,0.06%,0.80,1,RF
66,408,72,2017-06-20,HOU,@,OAK,W 8-4,CG,5,5,1,1,0,0,1,1,0,0,0,0,.283,.355,.565,.920,4,0,0,0,0,0,0.85,0.003,0.55,0.00%,-0.56,1,RF
67,409,73,2017-06-21,HOU,@,OAK,W 5-1,CG,5,5,0,0,0,0,0,0,0,0,0,2,.277,.349,.555,.903,0,0,0,0,0,0,0.91,-0.140,0.56,-0.05%,-1.63,1,RF
68,410,74,2017-06-22,HOU,@,OAK,W 12-9,GS-1,1,0,0,0,0,0,0,0,0,0,0,0,.277,.351,.555,.906,0,0,1,0,0,0,0.87,0.036,0.43,0.01%,0.38,1,CF
69,411,75,2017-06-23,HOU,@,SEA,L 3-13,CG,5,5,0,1,0,0,0,0,0,0,0,2,.276,.348,.548,.897,1,0,0,0,0,0,0.45,0.008,0.26,0.00%,-0.41,1,CF
70,412,76,2017-06-24,HOU,@,SEA,W 5-2,CG,5,4,2,2,0,0,0,0,0,0,1,0,.279,.352,.548,.900,2,0,0,0,0,0,0.83,0.111,0.54,0.04%,0.93,1,RF
71,413,77,2017-06-25,HOU,@,SEA,W 8-2,CG,5,3,1,1,0,0,1,1,0,0,2,0,.280,.356,.556,.912,4,0,0,0,0,0,0.50,0.084,0.27,0.03%,0.95,1,RF
72,414,78,2017-06-27,HOU,,OAK,L 4-6,CG,5,4,2,2,0,0,1,3,0,0,1,2,.283,.360,.566,.926,5,0,0,0,0,0,1.34,0.044,0.57,0.01%,1.74,1,RF
73,415,79,2017-06-28,HOU,,OAK,W 11-8,CG,5,4,3,3,2,0,1,2,0,0,1,0,.289,.367,.585,.952,8,0,0,0,0,0,0.82,0.266,0.39,0.08%,2.85,1,CF RF
74,416,80,2017-06-29,HOU,,OAK,W 6-1,CG,4,3,0,0,0,0,0,0,0,0,1,0,.286,.365,.579,.944,0,0,0,0,0,0,1.09,-0.185,0.45,-0.05%,-1.69,1,RF
75,417,81,2017-06-30,HOU,,NYY,L 4-13,CG,4,4,1,2,1,0,0,0,0,0,0,0,.289,.367,.581,.948,3,0,0,0,0,0,0.51,0.057,0.18,0.01%,0.62,1,CF
76,418,82,2017-07-01,HOU,,NYY,W 7-6,CG,4,4,0,0,0,0,0,0,0,0,0,1,.285,.363,.574,.936,0,0,0,0,0,0,0.90,-0.095,0.30,-0.02%,-0.93,1,RF
77,419,83,2017-07-02,HOU,,NYY,W 8-1,GS-8,5,5,1,2,2,0,0,0,0,0,0,2,.287,.363,.577,.941,4,0,0,0,0,0,0.51,-0.064,0.17,-0.01%,-0.54,1,CF
78,420,84,2017-07-04,HOU,@,ATL,W 16-4,CG,6,5,3,4,1,0,1,1,0,0,1,1,.295,.371,.594,.965,8,0,0,0,0,0,0.35,0.170,0.07,0.02%,2.48,1,CF
79,421,85,2017-07-05,HOU,@,ATL,W 10-4,CG,5,5,3,3,0,0,0,2,2,0,0,1,.300,.374,.594,.968,3,0,0,0,0,0,1.21,0.273,0.21,0.03%,1.81,1,CF RF
80,422,86,2017-07-06,HOU,@,TOR,L 4-7,CG,5,5,0,1,0,0,0,0,0,0,0,3,.298,.372,.588,.960,1,0,0,0,0,0,0.93,-0.017,0.12,0.00%,-0.61,1,CF RF
81,423,87,2017-07-07,HOU,@,TOR,W 12-2,GS-7,5,4,4,4,1,0,2,5,0,0,0,0,.307,.378,.614,.992,11,0,0,0,1,0,0.48,0.197,0.09,0.02%,4.30,1,CF
82,424,88,2017-07-08,HOU,@,TOR,L 2-7,CG,4,3,0,1,1,0,0,1,0,1,1,0,.307,.379,.614,.993,2,1,0,0,0,0,1.04,0.064,0.16,0.01%,0.46,1,CF
83,425,89,2017-07-09,HOU,@,TOR,W 19-1,GS-7,4,4,2,2,0,0,0,0,0,0,0,0,.310,.380,.613,.993,2,0,0,0,0,0,0.59,0.118,0.09,0.01%,1.36,1,RF
84,426,90,2017-07-14,HOU,,MIN,W 10-5,CG,5,3,2,1,0,0,0,1,0,0,2,0,.310,.383,.611,.994,1,1,0,0,0,0,0.52,0.086,0.07,0.01%,-0.38,1,CF
85,427,91,2017-07-15,HOU,,MIN,L 2-4,CG,5,4,0,1,0,0,0,0,1,0,1,0,.309,.383,.606,.990,1,0,0,0,0,0,1.73,-0.095,0.19,-0.01%,-0.53,1,CF
86,428,92,2017-07-16,HOU,,MIN,W 5-3,CG,4,3,0,0,0,0,0,0,0,0,1,0,.306,.382,.601,.983,0,0,0,0,0,0,1.20,-0.031,0.17,0.00%,-0.47,1,DH
87,429,93,2017-07-17,HOU,,SEA,L 7-9 (10),CG(10),6,3,1,0,0,0,0,2,0,0,2,0,.304,.381,.596,.977,0,0,0,0,1,0,2.45,0.149,0.31,0.01%,0.54,1,RF
88,430,94,2017-07-18,HOU,,SEA,W 6-2,CG,4,3,1,1,1,0,0,1,0,1,0,0,.304,.383,.597,.979,2,1,1,0,0,0,0.57,0.037,0.09,0.00%,0.10,1,CF
89,431,95,2017-07-19,HOU,,SEA,L 1-4,CG,4,3,0,2,0,0,0,1,0,0,0,0,.307,.384,.597,.981,2,0,0,0,1,0,1.22,0.113,0.15,0.01%,0.70,1,RF
90,432,96,2017-07-21,HOU,@,BAL,W 8-7,CG,5,5,1,3,0,0,0,0,1,0,0,1,.311,.386,.597,.984,3,0,0,0,0,0,0.35,-0.025,0.04,0.00%,0.15,1,CF
91,433,97,2017-07-22,HOU,@,BAL,W 8-4,CG,5,5,1,2,0,0,0,0,0,0,0,1,.312,.386,.595,.981,2,0,0,0,0,0,0.65,-0.025,0.04,0.00%,0.19,1,RF
92,434,98,2017-07-23,HOU,@,BAL,L 7-9,9-GF,1,1,0,0,0,0,0,0,0,0,0,0,.311,.386,.593,.978,0,0,0,0,0,0,1.24,-0.036,0.09,0.00%,-0.24,6,PH
93,435,99,2017-07-24,HOU,@,PHI,W 13-4,GS-3,2,2,0,0,0,0,0,0,0,0,0,1,.310,.384,.590,.973,0,0,0,0,0,0,0.76,-0.040,0.07,0.00%,-0.47,1,CF
94,436,113,2017-08-09,HOU,@,CHW,L 1-7,CG,4,4,0,1,0,0,0,0,0,0,0,1,.309,.382,.586,.968,1,0,0,0,0,0,0.65,-0.009,0.07,0.00%,-0.20,1,CF
95,437,114,2017-08-10,HOU,@,CHW,L 2-3 (11),CG(11),5,4,0,0,0,0,0,0,0,0,0,0,.306,.380,.580,.960,0,0,1,0,0,0,1.07,-0.066,0.13,-0.01%,-0.36,1,DH
96,438,115,2017-08-11,HOU,@,TEX,L 4-6,CG,5,4,1,2,0,0,1,2,0,0,1,1,.308,.383,.587,.970,5,0,0,0,0,0,0.64,0.017,0.08,0.00%,1.43,1,RF
97,439,116,2017-08-12,HOU,@,TEX,L 3-8,CG,5,4,0,0,0,0,0,0,0,0,1,0,.305,.381,.581,.961,0,0,0,0,0,0,0.56,-0.016,0.10,0.00%,-0.51,1,CF
98,440,118,2017-08-14,HOU,@,ARI,L 0-2,CG,4,4,0,1,0,0,0,0,0,0,0,1,.304,.380,.577,.957,1,0,0,0,0,0,0.74,-0.041,0.10,0.00%,-0.33,1,CF
99,441,119,2017-08-15,HOU,@,ARI,W 9-4,CG,5,5,1,1,1,0,0,2,0,0,0,1,.303,.378,.575,.953,2,0,0,0,0,0,0.61,0.123,0.10,0.01%,0.83,1,RF
100,442,120,2017-08-16,HOU,,ARI,W 9-5,CG,5,5,2,3,0,0,0,0,0,0,0,0,.307,.380,.575,.955,3,0,0,0,0,0,0.74,0.077,0.11,0.01%,1.01,1,CF
101,443,121,2017-08-17,HOU,,ARI,L 0-4,CG,4,3,0,1,0,0,0,0,0,1,1,0,.307,.381,.574,.955,1,0,0,0,0,0,0.93,0.132,0.12,0.01%,1.03,1,RF
102,444,122,2017-08-18,HOU,,OAK,W 3-1,CG,4,4,0,0,0,0,0,0,0,1,0,0,.304,.378,.568,.946,0,0,0,0,0,0,0.66,-0.036,0.10,0.00%,-0.46,1,RF
103,445,123,2017-08-19,HOU,,OAK,W 3-0,CG,4,4,0,2,1,0,0,0,0,0,0,0,.306,.379,.570,.948,3,1,0,0,0,0,0.61,0.022,0.07,0.00%,-0.16,1,CF
104,446,124,2017-08-20,HOU,,OAK,L 2-3,CG,4,3,0,0,0,0,0,0,0,0,1,1,.303,.378,.566,.943,0,0,0,0,0,0,1.94,-0.127,0.18,-0.01%,-0.53,1,DH
105,447,125,2017-08-22,HOU,,WSN,L 3-4,CG,5,4,1,1,0,0,0,0,1,0,1,0,.303,.378,.563,.940,1,0,0,0,0,0,1.51,0.030,0.28,0.00%,0.51,1,CF
106,448,126,2017-08-23,HOU,,WSN,W 6-1,CG,5,4,1,0,0,0,0,0,0,0,1,0,.300,.376,.557,.933,0,0,0,0,0,0,0.81,-0.089,0.14,-0.01%,-0.81,1,RF
107,449,127,2017-08-24,HOU,,WSN,L 4-5 (11),CG(11),5,5,0,0,0,0,0,0,0,0,0,1,.296,.372,.551,.923,0,1,0,0,0,0,1.37,-0.214,0.23,-0.02%,-1.30,1,CF RF
108,450,128,2017-08-25,HOU,@,LAA,W 2-1,CG,4,4,1,1,1,0,0,0,0,0,0,2,.296,.371,.550,.921,2,0,0,0,0,0,1.20,0.087,0.25,0.01%,0.30,1,CF RF
109,451,129,2017-08-26,HOU,@,LAA,L 6-7,CG,5,5,1,1,0,0,1,1,0,0,0,0,.295,.369,.553,.922,4,0,0,0,0,0,0.91,-0.113,0.09,-0.01%,-0.32,1,RF
110,452,130,2017-08-27,HOU,@,LAA,W 7-5,CG,5,4,1,0,0,0,0,0,0,0,1,2,.292,.368,.548,.916,0,0,0,0,0,0,0.95,-0.029,0.14,0.00%,-0.26,1,RF
111,453,131,2017-08-29,HOU,,TEX,L 2-12,CG,5,3,1,1,0,0,0,0,0,0,1,2,.293,.370,.546,.916,1,0,1,0,0,0,0.39,0.067,0.04,0.00%,0.22,1,RF
112,454,132,2017-08-30,HOU,,TEX,L 1-8,CG,4,4,0,0,0,0,0,0,0,0,0,1,.290,.367,.542,.909,0,0,0,0,0,0,0.51,-0.051,0.07,0.00%,-0.73,1,CF
113,455,133,2017-08-31,HOU,,TEX,W 5-1,CG,4,3,0,1,0,0,0,0,0,0,1,0,.290,.368,.540,.908,1,0,0,0,0,0,0.93,-0.040,0.16,0.00%,-0.04,1,RF
114,456,134,2017-09-02 (1),HOU,,NYM,W 12-8,CG,5,4,2,2,0,0,1,2,0,0,0,0,.292,.370,.546,.917,5,0,1,0,0,0,0.32,0.086,0.06,0.01%,1.59,1,DH
115,457,135,2017-09-02 (2),HOU,,NYM,W 4-1,CG,4,4,0,3,0,0,0,0,0,0,0,1,.296,.373,.548,.922,3,0,0,0,0,0,0.65,0.001,0.11,0.00%,0.30,1,CF
116,458,136,2017-09-03,HOU,,NYM,W 8-6,CG,5,4,1,1,0,0,1,1,0,0,1,0,.296,.374,.552,.926,4,0,0,0,0,0,0.73,0.006,0.07,0.00%,0.36,1,DH
117,459,137,2017-09-04,HOU,@,SEA,W 6-2,CG,5,4,1,1,0,0,0,0,0,0,1,0,.295,.374,.550,.923,1,0,0,0,0,1,1.09,-0.041,0.09,0.00%,-1.04,1,RF
118,460,138,2017-09-05,HOU,@,SEA,W 3-1,CG,4,2,0,0,0,0,0,0,0,0,2,0,.294,.375,.547,.922,0,0,0,0,0,0,1.02,0.050,0.07,0.00%,0.39,1,RF
119,461,139,2017-09-06,HOU,@,SEA,W 5-3,CG,5,5,0,2,0,0,0,1,0,0,0,1,.295,.375,.546,.921,2,0,0,0,0,0,1.08,0.154,0.08,0.01%,0.76,1,CF RF
120,462,140,2017-09-08,HOU,@,OAK,L 8-9,CG,5,3,2,2,0,0,0,0,0,0,1,0,.297,.379,.546,.925,2,0,1,0,0,0,1.01,0.147,0.08,0.01%,1.31,1,RF
121,463,141,2017-09-09 (1),HOU,@,OAK,L 1-11,CG,4,3,0,0,0,0,0,0,0,0,1,1,.296,.378,.543,.921,0,0,0,0,0,0,1.00,-0.013,0.10,0.00%,-0.31,1,RF
122,464,142,2017-09-09 (2),HOU,@,OAK,L 4-11,7-GF,2,1,0,0,0,0,0,1,0,0,0,0,.295,.377,.542,.918,0,0,0,0,1,0,1.10,-0.013,0.11,0.00%,0.07,9,PH RF
123,465,143,2017-09-10,HOU,@,OAK,L 2-10,GS-9,4,4,0,0,0,0,0,0,0,0,0,1,.293,.374,.537,.911,0,0,0,0,0,0,0.99,-0.103,0.17,-0.01%,-0.96,1,RF
124,466,144,2017-09-12,HOU,@,LAA,W 1-0,CG,4,4,0,1,0,0,0,0,0,0,0,1,.292,.373,.535,.908,1,0,0,0,0,0,1.00,-0.043,0.14,0.00%,-0.46,1,CF RF
125,467,145,2017-09-13,HOU,@,LAA,L 1-9,GS-7,3,3,0,0,0,0,0,0,0,0,0,0,.290,.371,.532,.903,0,0,0,0,0,0,0.42,-0.032,0.06,0.00%,-0.57,1,RF
126,468,146,2017-09-14,HOU,@,LAA,W 5-2,CG,5,5,0,0,0,0,0,0,0,0,0,0,.287,.368,.526,.894,0,0,0,0,0,0,0.79,-0.102,0.09,-0.01%,-1.24,1,CF
127,469,147,2017-09-15,HOU,,SEA,W 5-2,CG,5,2,1,1,1,0,0,0,0,0,3,0,.288,.371,.528,.900,2,0,0,0,0,0,0.51,0.071,0.06,0.01%,1.18,1,CF
128,470,148,2017-09-16,HOU,,SEA,W 8-6,CG,5,5,1,2,1,0,0,2,0,0,0,1,.289,.372,.529,.901,3,0,0,0,0,0,0.62,0.124,0.09,0.01%,1.42,1,CF
129,471,149,2017-09-17,HOU,,SEA,W 7-1,CG,5,4,2,2,0,0,1,1,0,0,1,0,.291,.374,.535,.908,5,0,0,0,0,0,0.60,0.015,0.07,0.00%,1.19,1,CF
130,472,150,2017-09-19,HOU,,CHW,W 3-1,CG,4,4,1,1,1,0,0,0,0,0,0,1,.291,.373,.534,.907,2,0,0,0,0,0,0.58,-0.007,0.08,0.00%,0.18,1,CF
131,473,151,2017-09-20,HOU,,CHW,W 4-3,CG,4,4,0,0,0,0,0,0,0,0,0,1,.289,.370,.530,.901,0,0,0,0,0,0,0.71,-0.071,0.08,-0.01%,-0.79,1,DH
132,474,152,2017-09-21,HOU,,CHW,L 1-3,CG,4,4,0,0,0,0,0,0,0,0,0,0,.286,.368,.526,.894,0,0,0,0,0,0,1.09,-0.113,0.12,-0.01%,-0.86,1,CF
133,475,153,2017-09-22,HOU,,LAA,W 3-0,CG,4,4,0,0,0,0,0,0,0,0,0,0,.284,.365,.522,.887,0,0,0,0,0,0,0.60,-0.060,0.08,0.00%,-0.66,1,CF RF
134,476,155,2017-09-24,HOU,,LAA,L 5-7,CG,5,4,2,1,0,0,1,1,0,0,0,0,.284,.366,.526,.891,4,0,1,0,0,0,1.11,0.068,0.14,0.01%,0.34,1,CF
135,477,156,2017-09-25,HOU,@,TEX,W 11-2,GS-8,5,5,1,1,0,0,0,0,0,0,0,1,.283,.364,.523,.887,1,0,0,0,0,0,1.12,0.112,0.14,0.01%,0.54,1,CF
136,478,157,2017-09-26,HOU,@,TEX,W 14-3,GS-5,4,3,2,2,1,0,0,1,0,0,1,0,.285,.367,.525,.892,3,0,0,0,0,0,0.54,0.057,0.05,0.00%,1.99,1,RF
137,479,158,2017-09-27,HOU,@,TEX,W 12-2,GS-7,4,4,2,2,0,0,1,4,0,0,0,0,.287,.368,.531,.898,5,1,0,0,0,0,0.86,-0.015,0.16,0.00%,1.17,1,RF
138,480,159,2017-09-28,HOU,@,BOS,W 12-2,GS-8,6,4,2,1,0,0,0,0,0,0,2,1,.287,.369,.529,.898,1,0,0,0,0,0,0.42,0.011,0.04,0.00%,-0.06,1,RF
139,481,160,2017-09-29,HOU,@,BOS,W 3-2,CG,4,3,0,0,0,0,0,0,0,0,1,0,.285,.368,.526,.894,0,0,0,0,0,0,1.18,-0.035,0.08,0.00%,-0.31,1,CF
140,482,161,2017-09-30,HOU,@,BOS,L 3-6,CG,5,4,0,0,0,0,0,0,0,0,1,2,.283,.367,.522,.889,0,0,0,0,0,0,1.17,-0.111,0.16,-0.01%,-1.38,1,CF
,,,,,,,91-49,,629,548,112,155,29,0,34,85,5,7,64,111,.283,.367,.522,.889,286,11,11,0,4,1,0.89,2.850,0.54,1.25%,31.34,,